<?xml version="1.0" encoding="UTF-8" ?>
<!DOCTYPE mapper
  PUBLIC "-//mybatis.org//DTD Mapper 3.0//EN"
  "https://mybatis.org/dtd/mybatis-3-mapper.dtd">
<mapper namespace="BoardMapper">
	<!-- 
		*SELECT문 사용시
		<select id="각 sql문 식별자" [parameterType="전달받을 객체타입"] resultMap="직접맵핑한resultMap의 id" | resultType="결과타입(별칭)">
			select쿼리문
		</select>
	 -->
	<resultMap type="Board" id="boardResultMap">
	  	<!-- <result column="테이블의 컬럼명" property="객체의 필드명"/> -->
	  	<result column="BOARD_NO" property="boardNo"/>
	  	<result column="BOARD_TITLE" property="boardTitle"/>
	  	<result column="USER_ID" property="userId"/>
	  	<result column="COUNT" property="count"/>
	  	<result column="CREATE_DATE" property="createDate"/>
  	</resultMap>
 	<select id="selectListCount" resultType="_int">
 		SELECT COUNT(*)
 		  FROM BOARD
 		 WHERE STATUS = 'Y' 
 	</select>
 	<select id="selectList" resultType="Board">
 		SELECT BOARD_NO boardNo,
				BOARD_TITLE boardTitle,
				USER_ID userId,
				COUNT count,
				CREATE_DATE createDate
 		  FROM BOARD B
 		  JOIN MEMBER ON(BOARD_WRITER = USER_NO)
 		 WHERE B.STATUS = 'Y' 
 		 ORDER BY BOARD_NO DESC
 	</select>
 	<select id="selectSearchCount" resultType="_int">
 		SELECT COUNT(*)
 		  FROM BOARD B
 		  JOIN MEMBER ON(BOARD_WRITER = USER_NO)
 		 WHERE B.STATUS = 'Y' 
 		 <choose>
 		 	<when test="condition == 'writer'">
 		 		AND USER_ID
 		 	</when>
 		 	<when test="condition == 'title'">
 		 		AND BOARD_TITLE 
 		 	</when>
 		 	<otherwise>
 		 	 	AND BOARD_CONTENT 
 		 	</otherwise>
 		 </choose>
 		  LIKE '%${keyword}%' 
 	</select>
 	<select id="selectSearchList" resultMap="boardResultMap">
 		SELECT BOARD_NO,
				BOARD_TITLE,
				USER_ID,
				COUNT,
				CREATE_DATE
 		  FROM BOARD B
 		  JOIN MEMBER ON(BOARD_WRITER = USER_NO)
 		 WHERE B.STATUS = 'Y' 
 		  <choose>
 		 	<when test="condition == 'writer'">
 		 		AND USER_ID
 		 	</when>
 		 	<when test="condition == 'title'">
 		 		AND BOARD_TITLE 
 		 	</when>
 		 	<otherwise>
 		 	 	AND BOARD_CONTENT 
 		 	</otherwise>
 		 </choose>
 		  LIKE '%${keyword}%' 
 		 ORDER BY BOARD_NO DESC
 	</select>
</mapper>